{
  "P@1": 0.2,
  "P@3": 0.1,
  "P@5": 0.08,
  "P@10": 0.05,
  "R@1": 0.15,
  "R@3": 0.2,
  "R@5": 0.225,
  "R@10": 0.325,
  "mAP": 0.2244197372395047,
  "mRR": 0.23500000000000001,
  "average_ndcg": 0.324522048918622
}